type,id,ohc_row,x,y,z_center,z_first,z_last,voxels,volume_um3,touches_image_edge
IHC,1,,12,545,28,23,33,8104,197.2,True
IHC,2,,52,545,27,18,33,16538,402.4,False
IHC,3,,100,532,25,13,33,19092,464.5,False
IHC,4,,152,532,27,15,33,17264,420.0,False
IHC,5,,205,522,27,16,33,15556,378.5,False
IHC,6,,255,527,28,15,33,15554,378.4,False
IHC,7,,305,527,25,13,33,22606,550.0,False
IHC,8,,357,530,26,13,33,18982,461.8,False
IHC,9,,405,527,28,19,34,13550,329.7,False
IHC,10,,455,527,25,12,33,20204,491.6,False
IHC,11,,505,522,28,16,33,10287,250.3,False
IHC,12,,554,525,24,14,33,25687,625.0,False
IHC,13,,604,530,26,12,33,19167,466.3,False
IHC,14,,654,527,26,15,33,21070,512.6,False
IHC,15,,704,527,28,15,33,16672,405.6,False
IHC,16,,754,527,26,13,33,17629,428.9,False
IHC,17,,806,532,27,16,33,15305,372.4,False
IHC,18,,856,537,26,17,32,17965,437.1,False
IHC,19,,909,542,26,13,33,19591,476.7,False
IHC,20,,961,545,26,13,33,17633,429.0,False
IHC,21,,1009,550,27,17,34,13631,331.6,True
OHC,1,1,0,418,30,27,34,1382,33.6,True
OHC,2,1,37,406,30,26,34,6173,150.2,False
OHC,3,1,83,402,30,27,34,6012,146.3,False
OHC,4,1,128,399,30,27,33,5709,138.9,False
OHC,5,1,178,391,29,24,34,9287,226.0,False
OHC,6,1,222,396,30,27,34,5861,142.6,False
OHC,7,1,266,387,30,27,34,5138,125.0,False
OHC,8,1,315,390,31,27,35,6131,149.2,False
OHC,9,1,361,385,30,26,34,6418,156.2,False
OHC,10,1,412,397,31,28,35,5742,139.7,False
OHC,11,1,452,388,31,27,34,6769,164.7,False
OHC,12,1,499,393,31,27,35,6895,167.8,False
OHC,13,1,548,394,31,26,35,8087,196.8,False
OHC,14,1,589,393,31,28,35,6590,160.3,False
OHC,15,1,635,398,31,27,35,7981,194.2,False
OHC,16,1,683,398,31,27,34,6326,153.9,False
OHC,17,1,723,402,30,28,34,5403,131.5,False
OHC,18,1,779,394,29,26,32,5079,123.6,False
OHC,19,1,826,396,30,25,34,7438,181.0,False
OHC,20,1,874,404,30,26,34,7651,186.2,False
OHC,21,1,920,406,30,27,34,5855,142.5,False
OHC,22,1,970,407,30,26,34,6826,166.1,False
OHC,23,1,1008,416,30,25,34,7021,170.8,True
OHC,24,2,10,361,30,25,35,7408,180.2,True
OHC,25,2,57,353,31,27,35,7428,180.7,False
OHC,26,2,104,352,31,27,35,8049,195.8,False
OHC,27,2,149,348,31,27,34,7246,176.3,False
OHC,28,2,197,346,30,22,34,8248,200.7,False
OHC,29,2,243,344,30,25,34,7503,182.5,False
OHC,30,2,284,340,31,23,35,6989,170.0,False
OHC,31,2,336,344,31,27,35,7633,185.7,False
OHC,32,2,382,341,31,23,35,8762,213.2,False
OHC,33,2,434,337,31,27,35,7835,190.6,False
OHC,34,2,475,336,31,27,35,6354,154.6,False
OHC,35,2,524,342,31,26,36,8049,195.8,False
OHC,36,2,571,345,31,27,36,8181,199.0,False
OHC,37,2,616,342,31,27,35,7567,184.1,False
OHC,38,2,651,346,31,23,35,9100,221.4,False
OHC,39,2,705,350,31,27,35,6161,149.9,False
OHC,40,2,752,349,30,26,34,7039,171.3,False
OHC,41,2,810,362,31,27,34,5413,131.7,False
OHC,42,2,853,358,32,28,35,5356,130.3,False
OHC,43,2,904,360,32,28,36,6542,159.2,False
OHC,44,2,948,359,32,28,36,6719,163.5,False
OHC,45,2,999,363,31,27,35,6402,155.8,False
OHC,46,3,29,319,31,24,35,8744,212.7,False
OHC,47,3,70,313,32,26,35,6505,158.3,False
OHC,48,3,118,309,32,25,36,8177,198.9,False
OHC,49,3,170,302,31,24,36,8889,216.3,False
OHC,50,3,216,304,31,24,35,8559,208.2,False
OHC,51,3,254,308,31,26,35,9206,224.0,False
OHC,52,3,309,300,32,25,36,7523,183.0,False
OHC,53,3,352,299,32,25,35,6768,164.7,False
OHC,54,3,401,294,32,28,35,7020,170.8,False
OHC,55,3,450,293,31,25,36,7771,189.1,False
OHC,56,3,497,301,32,23,36,7436,180.9,False
OHC,57,3,541,306,33,29,36,7005,170.4,False
OHC,58,3,588,302,33,29,36,5091,123.9,False
OHC,59,3,632,302,32,28,37,8780,213.6,False
OHC,60,3,678,305,33,24,37,9224,224.4,False
OHC,61,3,721,307,33,29,36,7290,177.4,False
OHC,62,3,757,303,32,25,36,8346,203.1,False
OHC,63,3,781,322,31,26,35,7439,181.0,False
OHC,64,3,795,288,31,21,37,12650,307.8,False
OHC,65,3,829,318,33,28,36,6788,165.2,False
OHC,66,3,886,316,33,29,37,7295,177.5,False
OHC,67,3,924,323,33,30,37,5541,134.8,False
OHC,68,3,980,320,33,28,37,7160,174.2,False
OHC,69,3,1023,335,32,26,36,3853,93.7,True
